{"cameraMode":{"drawMode":0,"name":"Shaded","section":"Shading Mode"},"sceneLighting":true,"audioPlay":false,"sceneViewState":{"m_AlwaysRefresh":false,"showFog":true,"showSkybox":true,"showFlares":true,"showImageEffects":true,"showParticleSystems":true,"showVisualEffectGraphs":true,"m_FxEnabled":true},"in2DMode":false,"pivot":{"x":-7.492546558380127,"y":3.2355785369873049,"z":-1.5920300483703614},"rotation":{"x":0.5172428488731384,"y":0.025667091831564904,"z":-0.0155219417065382,"w":0.8553130626678467},"size":3.5352635383605959,"orthographic":false}